race_number,horse_name,jockey,trainer,weight,age,post_position,race_type,purse,surface,distance,distance_unit,dollar_odds,sex,num_past_starts,num_past_wins,num_past_seconds,num_past_thirds,last_race_date,last_race_finish,track_condition,breed,course,last_race_number
1,Speed Skater,F Prat,B H Cox,118,3,1,Maiden Claiming,53000,Dirt,8.5,F,3.5,F,2,0,0,1,2026-03-14,3,FT,TB,M,4
1,Queen McKinzie,J Alvarado,D Salvador,126,4,2,Maiden Claiming,53000,Dirt,8.5,F,10,F,13,0,4,3,2026-02-19,6,FT,TB,M,10
1,Starbrite Starlite,L Machado,M P Sims,118,3,3,Maiden Claiming,53000,Dirt,8.5,F,15,F,6,0,0,0,2026-03-22,4,FT,TB,M,5
1,Knockonwood,"I Ortiz, Jr.",J Sharp,118,3,4,Maiden Claiming,53000,Dirt,8.5,F,8,F,4,0,0,0,2026-03-12,7,FT,TB,M,7
1,Lexico,T Gaffalione,J Sharp,118,3,5,Maiden Claiming,53000,Dirt,8.5,F,6,F,7,0,2,0,2026-03-13,4,FT,TB,M,1
1,Nuts and Bolts,"B J Hernandez, Jr.",K G McPeek,118,3,6,Maiden Claiming,53000,Dirt,8.5,F,4.5,F,2,0,1,0,2026-03-06,2,FT,TB,M,7
1,Galatina,L Saez,K Brion,126,4,7,Maiden Claiming,53000,Dirt,8.5,F,8,F,11,0,2,3,2026-03-13,5,FT,TB,M,6
1,Buckeye Bombshell,D Cannon,K G McPeek,126,4,8,Maiden Claiming,53000,Dirt,8.5,F,4,F,6,0,2,0,2026-03-13,4,FT,TB,M,6
1,West Coast Dream,J J Hernandez,M W McCarthy,126,4,9,Maiden Claiming,53000,Dirt,8.5,F,6,F,1,0,0,1,2025-08-18,3,FT,TB,M,4
2,Frosted Mug,L Saez,I R Wilkes,118,3,1,Maiden Claiming,48000,Dirt,7.0,F,8,G,4,0,1,0,2026-03-13,2,FT,TB,M,7
2,Southern Soul,S Pauly,I Bahena,1135,3,2,Maiden Claiming,48000,Dirt,7.0,F,20,G,5,0,0,1,2026-03-19,4,FT,TB,M,1
2,Standard Deduction,J Loveberry,C M Block,118,3,3,Maiden Claiming,48000,Dirt,7.0,F,3.5,G,4,0,1,1,2026-03-06,2,FT,TB,M,7
2,September Silver,A Concepcion,D Stewart,118,3,4,Maiden Claiming,48000,Dirt,7.0,F,5,G,7,0,0,1,2026-03-06,3,FT,TB,M,7
2,In the Tank,B Curtis,C Torres,125,5,5,Maiden Claiming,48000,Dirt,7.0,F,20,G,1,0,0,0,2025-10-19,7,FT,TB,M,1
2,Beale Street Boy,L Machado,B Colebrook,118,3,6,Maiden Claiming,48000,Dirt,7.0,F,3,G,6,0,0,1,2026-03-14,6,FT,TB,M,4
2,Roundingthird,E Morales,J L Langemeier,118,3,7,Maiden Claiming,48000,Dirt,7.0,F,15,G,4,0,0,0,2026-03-12,9,FT,TB,M,9
2,Dispersion,F De La Cruz,E N Foster,118,3,8,Maiden Claiming,48000,Dirt,7.0,F,10,G,3,0,0,0,2026-03-13,5,FT,TB,M,2
2,Janey's Flyin,D Machado,T Humphries,118,3,9,Maiden Claiming,48000,Dirt,7.0,F,30,G,4,0,0,0,2026-02-25,9,FT,TB,M,9
2,Cardinal Union,J A Torres,T L Van Berg,125,4,10,Maiden Claiming,48000,Dirt,7.0,F,20,G,5,0,0,0,2026-02-28,10,FT,TB,M,5
2,Wild Cotton,"B J Hernandez, Jr.",W D Cowans,118,3,11,Maiden Claiming,48000,Dirt,7.0,F,15,G,1,0,0,0,2026-02-25,6,FT,TB,M,9
2,Gentleman Jim,D Sheehy,J Ennis,118,3,12,Maiden Claiming,48000,Dirt,7.0,F,6,G,5,0,0,1,2026-03-14,4,FT,TB,M,3
2,Usain Th,O Villarreal,P Matejka,118,3,13,Maiden Claiming,48000,Dirt,7.0,F,30,C,2,0,0,0,2026-03-27,6,FT,TB,M,1
2,Next Time,T Gaffalione,D Jacobson,118,3,14,Maiden Claiming,48000,Dirt,7.0,F,8,C,2,0,0,0,2026-02-05,7,FT,TB,M,8
2,Race for Cover,A Beschizza,J S Radosevich,118,3,15,Maiden Claiming,48000,Dirt,7.0,F,30,G,1,0,0,0,2026-02-25,8,FT,TB,M,9
2,Amador,E Morales,A McKeever,118,3,16,Maiden Claiming,48000,Dirt,7.0,F,20,G,2,0,0,0,2025-08-23,6,FT,TB,M,1
3,Hope Joe's Right,C Barbosa,K A Fernandez,118,5,1,Starter Allowance,50000,Dirt,9.0,F,8,G,13,3,2,0,2026-03-19,1,FT,TB,M,2
3,Tres Soles,T Gaffalione,"W Stinson, Jr.",118,6,2,Starter Allowance,50000,Dirt,9.0,F,10,G,29,5,5,3,2026-03-06,3,FT,TB,M,1
3,King of Hollywood,L Machado,J K Sweezey,118,7,3,Starter Allowance,50000,Dirt,9.0,F,4,G,52,14,5,9,2026-03-08,3,FT,TB,M,8
3,Money Run,F Prat,P Miller,118,6,4,Starter Allowance,50000,Dirt,9.0,F,2.5,G,31,9,2,3,2026-03-12,4,FT,TB,M,7
3,Non Fungible,S Pauly,M Dalton,1155,5,5,Starter Allowance,50000,Dirt,9.0,F,20,G,19,3,0,2,2026-03-18,1,FT,TB,M,3
3,Fountain Run,D Sheehy,A M Meah,120,4,6,Starter Allowance,50000,Dirt,9.0,F,12,G,17,4,1,4,2026-03-07,7,FT,TB,M,10
3,Eye Dee Kay,"I Ortiz, Jr.",K LaRose,118,7,7,Starter Allowance,50000,Dirt,9.0,F,1.6,G,47,12,8,10,2026-02-06,2,FT,TB,M,4
3,Ice Minister,J N Hernandez,D Hancock,118,6,8,Starter Allowance,50000,Dirt,9.0,F,30,G,15,4,1,2,2026-03-28,3,FT,TB,M,5
4,Cookie's Run,"B J Hernandez, Jr.",K G McPeek,118,3,1,Maiden Special Weight,110000,Dirt,6.5,F,10,F,1,0,0,0,2026-03-01,8,FT,TB,M,2
4,Island Barbie,F Prat,C Murphy,125,4,2,Maiden Special Weight,110000,Dirt,6.5,F,8,F,1,0,0,0,2025-05-17,5,FT,TB,M,11
4,Once Upon a Time,D L Parker,M Dalton,125,4,3,Maiden Special Weight,110000,Dirt,6.5,F,30,F,6,0,0,0,2026-03-27,6,FT,TB,M,5
4,Shewontbudge,"I Ortiz, Jr.",B H Cox,125,4,4,Maiden Special Weight,110000,Dirt,6.5,F,1,F,3,0,1,1,2025-05-24,2,FT,TB,M,1
4,Bella Darling,M Gutierrez,V H Oliver,125,4,5,Maiden Special Weight,110000,Dirt,6.5,F,6,F,0,0,0,0,,,FT,TB,M,
4,Willowy,S E Bermudez,"J J Manning, Jr.",125,5,6,Maiden Special Weight,110000,Dirt,6.5,F,30,M,13,0,1,1,2026-03-11,7,FT,TB,M,10
4,Mon Reve,L Saez,V H Oliver,118,3,7,Maiden Special Weight,110000,Dirt,6.5,F,10,F,0,0,0,0,,,FT,TB,M,
4,Rockin Robin,T Gaffalione,M E Casse,118,3,8,Maiden Special Weight,110000,Dirt,6.5,F,3,F,6,0,2,3,2026-03-05,2,FT,TB,M,6
4,Pinto,J Alvarado,N W Casse,118,3,9,Maiden Special Weight,110000,Dirt,6.5,F,4.5,F,0,0,0,0,,,FT,TB,M,
5,Underappreciated,E Morales,J Ennis,120,3,1,Maiden Special Weight,110000,Turf,8.5,F,15,G,5,0,1,1,2026-03-14,2,FM,TB,M,3
5,Tilson,L Machado,W Walden,120,3,2,Maiden Special Weight,110000,Turf,8.5,F,8,G,0,0,0,0,,,FM,TB,M,
5,Comprehensive,M Gutierrez,B A Lynch,120,3,3,Maiden Special Weight,110000,Turf,8.5,F,2.5,C,4,0,2,1,2026-03-08,2,FM,TB,M,7
5,Magical Factor,K Kimura,R Halden,120,3,4,Maiden Special Weight,110000,Turf,8.5,F,15,G,2,0,0,0,2026-03-01,5,FM,TB,M,8
5,Bhatia,"I Ortiz, Jr.",C Davis,120,3,5,Maiden Special Weight,110000,Turf,8.5,F,12,C,4,0,0,1,2026-03-11,3,FM,TB,M,7
5,Minotaur,J Rosario,D Gargan,120,3,6,Maiden Special Weight,110000,Turf,8.5,F,4,G,2,0,0,0,2026-03-01,7,FM,TB,M,8
5,Ur Benja,D Machado,J L Aranha,120,3,7,Maiden Special Weight,110000,Turf,8.5,F,30,C,1,0,0,0,2026-01-02,6,FM,TB,M,6
5,Still Sober,J A Torres,E Caramori,120,3,8,Maiden Special Weight,110000,Turf,8.5,F,30,C,7,0,0,1,2026-03-14,5 - DNS,FM,TB,M,4
5,Quiet Mischief,V Cheminaud,R Mott,120,3,9,Maiden Special Weight,110000,Turf,8.5,F,30,C,2,0,0,0,2026-03-11,8,FM,TB,M,7
5,Newman,B Curtis,E Kenneally,120,3,10,Maiden Special Weight,110000,Turf,8.5,F,8,C,2,0,0,0,2026-03-07,4,FM,TB,M,5
5,Provider,J J Hernandez,P Eurton,120,3,11,Maiden Special Weight,110000,Turf,8.5,F,10,C,2,0,0,1,2026-03-07,6,FM,TB,M,5
5,Wrathchild,T Gaffalione,B P Walsh,120,3,12,Maiden Special Weight,110000,Turf,8.5,F,5,C,1,0,0,0,2026-02-27,4,FM,TB,M,5
6,Excite,J Alvarado,W I Mott,118,4,1,Allowance Optional Claiming,130000,Dirt,9.0,F,3.5,C,10,2,1,2,2026-03-21,4,FT,TB,M,7
6,Authentic Strike,F Prat,R Brisset,118,4,2,Allowance Optional Claiming,130000,Dirt,9.0,F,2,C,4,2,0,0,2026-02-28,5,FT,TB,M,4
6,Original Sin,T Gaffalione,B P Walsh,118,4,3,Allowance Optional Claiming,130000,Dirt,9.0,F,8,C,6,2,0,2,2026-02-19,6,FT,TB,M,7
6,Curlin's Malibu,"I Ortiz, Jr.",J Sharp,118,7,4,Allowance Optional Claiming,130000,Dirt,9.0,F,6,G,42,6,7,8,2025-12-28,6,FT,TB,M,3
6,Hard as Life,G Corrales,M Nihei,120,4,5,Allowance Optional Claiming,130000,Dirt,9.0,F,20,C,8,2,1,0,2026-02-15,1,FT,TB,M,4
6,Septarian,J A Torres,R Mott,118,4,6,Allowance Optional Claiming,130000,Dirt,9.0,F,15,G,7,3,1,1,2026-03-11,9,FT,TB,M,6
6,Conquest Warrior,L Saez,S M Asmussen,118,5,7,Allowance Optional Claiming,130000,Dirt,9.0,F,1.8,H,5,2,1,1,2026-02-19,2,FT,TB,M,7
7,Cinister Cix,W A Rodriguez,S Sands,118,4,1,Allowance,120000,Turf,8.0,F,20,C,12,1,1,3,2026-03-07,3,FM,TB,M,8
7,Love'm Or Liam,J Alvarado,W I Mott,118,4,2,Allowance,120000,Turf,8.0,F,6,C,8,1,2,3,2026-03-13,1,FM,TB,M,5
7,Sicilian Defense,"I Ortiz, Jr.",C DeVaux,118,5,3,Allowance,120000,Turf,8.0,F,8,H,9,1,3,0,2025-06-01,9,FM,TB,M,6
7,Ciro di Marzio,J Rosario,W A Ward,118,5,4,Allowance,120000,Turf,8.0,F,4,G,9,1,2,1,2025-07-03,2,FM,TB,M,7
7,Master of Light,A Beschizza,E Vaughan,118,4,5,Allowance,120000,Turf,8.0,F,30,G,,,,,,,FM,TB,M,
7,Arkhipov,F Prat,C C Brown,120,4,6,Allowance,120000,Turf,8.0,F,1.6,G,,,,,,,FM,TB,M,
7,Noble Confessor,T Gaffalione,T A Pletcher,118,4,7,Allowance,120000,Turf,8.0,F,3,C,11,1,4,1,2026-02-28,8,FM,TB,M,1
7,Apophis,K Kimura,V H Oliver,118,5,8,Allowance,120000,Turf,8.0,F,30,G,6,1,0,2,2026-02-12,7,FM,TB,M,9
7,Rocky Joy,L Machado,J L Aranha,118,6,9,Allowance,120000,Turf,8.0,F,12,H,18,1,8,3,2026-01-01,11,FM,TB,M,7
8,Haywinii,L Machado,B Colebrook,120,3,1,Maiden Special Weight,110000,Dirt,7.0,F,4.5,F,1,0,1,0,2026-03-11,2,FT,TB,M,10
8,Arcana,J Castellano,I R Wilkes,120,3,2,Maiden Special Weight,110000,Dirt,7.0,F,10,F,0,0,0,0,,,FT,TB,M,
8,Right Timing,F Prat,C C Brown,120,3,3,Maiden Special Weight,110000,Dirt,7.0,F,2.5,F,1,0,1,0,2026-03-07,2,FT,TB,M,8
8,Rose of San Antone,E Morales,J Ennis,120,3,4,Maiden Special Weight,110000,Dirt,7.0,F,20,F,0,0,0,0,,,FT,TB,M,
8,She's Our Ten,L Saez,P Eurton,120,3,5,Maiden Special Weight,110000,Dirt,7.0,F,8,F,1,0,0,0,2026-03-13,4,FT,TB,M,5
8,Lets Shance It,F De La Cruz,A M West,120,3,6,Maiden Special Weight,110000,Dirt,7.0,F,30,F,8,0,3,1,2026-03-21,4,FT,TB,M,13
8,Divine Passion,"B J Hernandez, Jr.",K G McPeek,120,3,7,Maiden Special Weight,110000,Dirt,7.0,F,15,F,2,0,0,0,2026-03-21,8,FT,TB,M,1
8,Epic Proud Mary,J Rosario,B A Lynch,120,3,8,Maiden Special Weight,110000,Dirt,7.0,F,10,F,0,0,0,0,,,FT,TB,M,
8,Pharoah's Affair,I Moncada,K Vassilieva,120,3,9,Maiden Special Weight,110000,Dirt,7.0,F,20,F,1,0,0,0,2026-03-15,7,FT,TB,M,6
8,La Rascasse,A Concepcion,W Walden,120,3,10,Maiden Special Weight,110000,Dirt,7.0,F,6,F,0,0,0,0,,,FT,TB,M,
8,Belle,K Kimura,K Attard,120,3,11,Maiden Special Weight,110000,Dirt,7.0,F,12,F,0,0,0,0,,,FT,TB,M,
8,Al Ghadeer,T Gaffalione,A McKeever,120,3,12,Maiden Special Weight,110000,Dirt,7.0,F,8,F,1,0,0,1,2025-11-29,3,FT,TB,M,3
9,Expensive Queen,L Saez,B P Walsh,123,5,1,Stakes,650000,Turf,8.5,F,8,M,11,4,2,0,2026-02-14,1,FM,TB,M,8
9,Fast Market,S Marin,J P Terranova II,123,4,2,Stakes,650000,Turf,8.5,F,30,F,11,2,3,1,2025-11-23,1,FM,TB,M,8
9,Medoro,J J Hernandez,P Eurton,123,5,3,Stakes,650000,Turf,8.5,F,12,M,14,6,4,3,2026-02-14,2,FM,TB,M,8
9,Pin Up Betty,J Rosario,M J Maker,123,5,4,Stakes,650000,Turf,8.5,F,20,M,20,4,6,1,2025-11-27,5,FM,TB,M,11
9,Dynamic Pricing,"I Ortiz, Jr.",C C Brown,123,5,5,Stakes,650000,Turf,8.5,F,6,M,12,5,0,4,2025-10-04,7,FM,TB,M,8
9,Deep Satin,"B J Hernandez, Jr.",C DeVaux,123,5,6,Stakes,650000,Turf,8.5,F,20,M,10,3,4,0,2025-11-01,5,FM,TB,M,3
9,Lush Lips,T Gaffalione,B P Walsh,123,4,7,Stakes,650000,Turf,8.5,F,2.5,F,12,6,4,0,2026-02-28,1,FM,TB,M,12
9,Destino d'Oro,J Alvarado,B H Cox,123,4,8,Stakes,650000,Turf,8.5,F,4,F,9,6,0,1,2026-03-07,1,FM,TB,M,9
9,Aussie Girl,B Curtis,W Walden,123,6,9,Stakes,650000,Turf,8.5,F,8,M,21,6,5,2,2026-01-31,1,FM,TB,M,9
9,Segesta,F Prat,C C Brown,123,5,10,Stakes,650000,Turf,8.5,F,3.5,M,11,4,4,0,2025-11-30,1,FM,TB,M,7
10,Corona de Oro,"B J Hernandez, Jr.",D Stewart,123,3,1,Stakes,400000,Dirt,8.5,F,6,C,4,1,1,1,2026-03-07,1,FT,TB,M,2
10,Exhibition Only,R Silvera,R R Rodriguez,123,3,2,Stakes,400000,Dirt,8.5,F,10,C,6,1,1,0,2026-02-28,4,FT,TB,M,10
10,Decisive Win,A Fresu,D F O'Neill,123,3,3,Stakes,400000,Dirt,8.5,F,15,C,1,0,0,0,2026-03-07,4,FT,TB,M,6
10,Enforced Agenda,J Castellano,G Weaver,123,3,4,Stakes,400000,Dirt,8.5,F,10,C,2,1,0,1,2026-01-03,3,FT,TB,M,3
10,Mister T,M Murrill,C Galindo-Torres,123,3,5,Stakes,400000,Dirt,8.5,F,30,C,4,3,0,0,2025-11-13,1,FT,TB,M,11
10,Ramblin,M Gutierrez,B C Barnett,123,3,6,Stakes,400000,Dirt,8.5,F,20,C,9,1,2,1,2026-02-28,5,FT,TB,M,8
10,The Hell We Did,L Saez,T W Fincher,123,3,7,Stakes,400000,Dirt,8.5,F,8,C,3,2,1,0,2026-03-15,1,FT,TB,M,2
10,Trendsetter,K Kimura,B Colebrook,123,3,8,Stakes,400000,Dirt,8.5,F,20,G,7,2,1,1,2026-03-21,3,FT,TB,M,8
10,Ezum,F Prat,B H Cox,123,3,9,Stakes,400000,Dirt,8.5,F,2,C,2,1,0,0,2026-03-14,1,FT,TB,M,4
10,Confessional,"I Ortiz, Jr.",B H Cox,123,3,10,Stakes,400000,Dirt,8.5,F,3.5,C,4,1,1,1,2026-03-14,3,FT,TB,M,9
10,I Did I Did,J J Hernandez,M J Maker,123,3,11,Stakes,400000,Dirt,8.5,F,10,C,7,1,2,0,2026-03-12,2,FT,TB,M,2
11,Starmetal,W A Rodriguez,M Nihei,120,3,1,Maiden Special Weight,110000,Turf,8.5,F,8,G,5,0,0,1,2026-03-06,4,FM,TB,M,4
11,Penn Star,E Morales,T S Wismer,120,3,2,Maiden Special Weight,110000,Turf,8.5,F,30,C,4,0,0,0,2026-02-14,12,FM,TB,M,5
11,Royal Guard,"I Ortiz, Jr.",B H Cox,120,3,3,Maiden Special Weight,110000,Turf,8.5,F,5,C,2,0,0,1,2025-08-31,4,FM,TB,M,9
11,Heeere's Johnny,J Castellano,R Handal,120,3,4,Maiden Special Weight,110000,Turf,8.5,F,3.5,C,5,0,3,0,2025-10-31,5,FM,TB,M,10
11,High Honors,B Curtis,A M Meah,120,3,5,Maiden Special Weight,110000,Turf,8.5,F,20,G,6,0,0,3,2026-02-19,7,FM,TB,M,10
11,West End Kid,T Gaffalione,W Walden,120,3,6,Maiden Special Weight,110000,Turf,8.5,F,4.5,C,1,0,0,0,2026-02-08,4,FM,TB,M,10
11,Soulman,L Machado,C A Hartman,120,3,7,Maiden Special Weight,110000,Turf,8.5,F,10,G,6,0,2,1,2026-02-16,2,FM,TB,M,3
11,Terre Haute,A Beschizza,J Ennis,120,3,8,Maiden Special Weight,110000,Turf,8.5,F,12,G,1,0,0,1,2026-03-21,3,FM,TB,M,5
11,Sharons Angels,L Saez,R Baltas,120,3,9,Maiden Special Weight,110000,Turf,8.5,F,15,G,4,0,1,1,2026-03-22,3,FM,TB,M,4
11,Edzo Said So,M Gutierrez,R Medina,120,3,10,Maiden Special Weight,110000,Turf,8.5,F,30,G,2,0,0,1,2026-02-27,3,FM,TB,M,7
11,Coordinator,F Prat,C C Brown,120,3,11,Maiden Special Weight,110000,Turf,8.5,F,4,C,0,0,0,0,,,FM,TB,M,
11,Mush Carey,D Sheehy,C Murphy,120,3,12,Maiden Special Weight,110000,Turf,8.5,F,20,C,1,0,0,0,2026-03-21,7,FM,TB,M,5
